xmin,ymin,xmax,ymax,filename,width,height,category,image_width,image_height
24.0731375,111.3679325,973.3045,302.6998,test.jpg,949.2313624999999,191.3318675,Card,1440,2560
735.4040500000001,745.8425,1374.04875,1483.0612500000002,test.jpg,638.6447,737.2187500000001,Card,1440,2560
26.788112499999997,1514.6606499999998,692.5739249999999,2244.8315,test.jpg,665.7858125,730.1708500000001,Card,1440,2560
23.262330000000002,754.504925,698.259125,1472.7845750000001,test.jpg,674.996795,718.2796500000001,Card,1440,2560
1.6684614,479.74582499999997,658.398825,710.1354249999999,test.jpg,656.7303635999999,230.3896,Text,1440,2560
